brightness,brightness_unc,gaussian_width,gaussian_width_unc,int_wv,obs_line_center,obs_line_center_unc
-2.103750722210851,0.24566455688705363,0.10485240647096011,0.014979980345078431,1208.85,1208.9876462674774,0.0061650843524170855
12.200903235341192,6.988241320577272,0.06591528449029778,0.030816496590256422,1211.212,1210.9694540182204,0.6128675354933532
66.13483659630622,3540.1500509714915,0.05482286684051094,0.0015904283524812448,1211.38,1211.3701121983927,0.002630854953698471
