brightness,brightness_unc,gaussian_width,gaussian_width_unc,int_wv,obs_line_center,obs_line_center_unc
9.567194525881729e-19,5.050943474508553e-20,0.18206754095817887,0.004037350576933664,1208.85,1208.9868578158519,0.009198475571045679
7.39935279292735e-18,2.7369357854358876e-18,0.08392478870079051,0.03024104704389145,1211.212,1210.7063423644327,0.25975244251868496
-3.4304105685829548e-18,9.285372102095069e-20,0.053892000862006656,0.0013366408446502612,1211.38,1211.3686629942574,0.0024095616398403484
-1.415385446272847e-17,2.3202301300629337e-19,0.049160454504336246,0.0005995239981380331,1212.795,1212.9151038534253,0.0008262543364594647
-9.399314712201425e-18,1.625187153613861e-19,0.03597813221546318,0.00042335365314213316,1218.595,1218.6162613301572,0.0005043620920355774
