brightness,gaussian_width,gaussian_width_unc,int_wv,obs_line_center,obs_line_center_unc
1.9556900906096852e-16,0.636249736651103,0.133677432119456,1208.85,1209.0435689390242,0.11907947537690979
